@zeinab_khatoon1369  Ù‡Ù†ÙˆØ² ÙØ±ÙˆØ´ Ø§ÙŠÙ†ØªØ±Ù†ØªÙŠ Ø¯ÙŠÙˆØ± Ø±Ùˆ Ù†Ø¯Ø§Ø±ÙŠÙ… ÙˆÙ„ÙŠ Ù…ÙŠ ØªÙˆÙ†ÙŠØ¯ Ø§Ø² Ù…ØºØ§Ø²Ù‡ Ù‡Ø§ÙŠ Ù†Ø§Ù… Ø¨Ø±Ø¯Ù‡ Ø´Ø¯Ù‡ Ø®Ø±ÙŠØ¯ ÙƒÙ†ÙŠØ¯ØŒØ¢Ø¯Ø±Ø³ Ù‡Ø±ÙƒØ¯ÙˆÙ… Ø±Ùˆ Ø®ÙˆØ§Ø³ØªÙŠØ¯ Ø¨Ø±Ø§ØªÙˆÙ† Ù…ÙŠ ÙØ±Ø³ØªÙ… Ø›);safirstores
@maedeh_y218 Ø®Ø±ÙŠØ¯ Ù‡Ù… Ù…ÙŠ ØªÙˆÙ†ÙŠØ¯ Ø¨ÙƒÙ†ÙŠØ¯;safirstores
@safirstores :Ù…Ø±Ø³ÙŠ Ø¯ÙŠØ± Ø¬ÙˆØ§Ø¨ Ø¯Ø§Ø¯ÙŠÙ† ØŒ Ø¯ÙŠØ±ÙˆØ² Ø±ÙØªÙ… Ø³ÙÙŠØ± ÙØ±Ø´ØªÙ‡ Ùˆ Ø®Ø±ÙŠØ¯ Ù‡Ù… ÙƒØ±Ø¯Ù… â˜ºï¸â˜ºï¸â˜ºï¸;maedeh_y218
@maedeh_y218 Ø¹Ø°Ø± Ø­ÙˆØ§Ù‡ÙŠ Ù…ÙŠ ÙƒÙ†Ù…ØŒÙ…Ø¨Ø§Ø±ÙƒØªÙˆÙ† Ø¨Ø§Ø´Ù‡;safirstores
@sahar_azizi9 Ø¹Ø²ÙŠØ²Ù… Ø¨Ø±Ù†Ø¯Ù‡Ø§ÙŠ Ø¨Ø²Ø±Ú¯ Ø§Ø² Ù†Ø¸Ø± Ø³Ø·Ø­ ÙƒÙŠÙÙŠØª Ø¨Ø§Ù„Ø§ØªØ±ÙŠÙ† Ù‡Ø³ØªÙ†Ø¯ØŒ Ù‡Ø±ÙƒØ¯Ø§Ù… Ø¨Ø§ÙØª Ø®Ø§Øµ Ø®ÙˆØ¯Ø´ÙˆÙ† Ø±Ùˆ Ø¯Ø§Ø±Ù†Ø¯ Ùˆ Ø§Ù†ØªØ®Ø§Ø¨ Ø´Ù…Ø§ ÙƒØ§Ù…Ù„Ø§ Ø³Ù„ÙŠÙ‚Ù‡ Ø§ÙŠ Ùˆ Ø¨Ø± Ø§Ø³Ø§Ø³ Ù†ÙŠØ§Ø²ØªØ§Ù† Ø¨Ø§ÙŠØ¯ Ø¨Ø§Ø´Ù‡;safirstores
@sahar_azizi9 Ø§Ø² Ù†Ø¸Ø± Ù‚ÙŠÙ…Øª Ø®Ø· Ú†Ø´Ù… Ù„Ø§Ù†ÙƒÙˆÙ… Ù¡Ù¤Ù¤Ù Ù Ù  ØªÙˆÙ…Ø§Ù† Ùˆ ÙƒÙ„Ø§Ø±Ù†Ø³ Ù¦Ù¨Ù Ù Ù  ØªÙˆÙ…Ø§Ù† Ù‡Ø³Øª;safirstores
Man cheshm ham fogholade hasase.  Ye medade narm va zede hasasiyat mikhastam;sarsariazizi
ÙƒÙ„Ø§Ø±Ù†Ø³ Ù…Ø­ØµÙˆÙ„Ø§ØªØ´ Ú¯ÙŠØ§Ù‡ÙŠ Ù‡Ø³Øª ÙÙƒØ± Ù…ÙŠ ÙƒÙ†Ù… Ù…Ù†Ø§Ø³Ø¨ Ø´Ù…Ø§ Ø¨Ø§Ø´Ù‡;safirstores
@shima.shakiba67 Ø¹Ø²ÙŠØ²Ù… Ù…ÙˆØ¬ÙˆØ¯ÙŠ Ø³Ø§ÙŠÙ‡ Ù…Ø§ Ø³Ø§ÙŠÙ‡ Ù‡Ø§ÙŠ Ù¥ Ø±Ù†Ú¯ Ø¯ÙŠÙˆØ±Ù‡ ÙƒÙ‡ Ø¯Ø± Ø¹ÙƒØ³ Ù‡Ù… Ù…ÙˆØ¬ÙˆØ¯Ù‡ ÙˆÙ‚ÙŠÙ…ØªØ´ Ù¢Ù¥Ù¢Ù Ù Ù  ØªÙˆÙ…Ø§Ù†Ù‡;safirstores
@safirstores  Ø¯ÙŠÙˆØ± Ù‡Ù…Ù‡ Ú†ÙŠØ¯Ø§Ø±ÙŠØŸ;hufarsheydaei
@hufarsheydaei Ø´Ù…Ø§ Ø¬Ù†Ø³ Ø®Ø§ØµÙŠ Ù…Ø¯Ù†Ø¸Ø±ØªÙˆÙ†Ù‡ØŸØŸØŸØŸ;safirstores
@safirstores bale amp1740;hufarsheydaei
@deljoodalir;fereshtehnouri
@safirstores Ø¹Ø²ÛŒØ²Ù… Ù…ÛŒØ´Ù‡ Ø¨Ú¯ÛŒØ¯ Ù‚ÛŒÙ…Øª Ø±Ú˜ Ù„Ø¨Ø§Ø´ Ú†Ù†Ø¯Ù‡ØŸ;zibashirin
@kayvan.farzadi mishe rawan mano negah darii ğŸ˜‚ğŸ˜‚ğŸ˜‚;taraneh_gh7
@sheyda.shnpr;zeus_faraji
@negah_f @taranehsaeedy;nazrokh
Bahareh1253;waiting_to_end
@bahareh1253;waiting_to_end
@rahil.dastpeyman;waiting_to_end
@nazrokh ğŸ˜‰;-);negah_f
Ù„Ø·Ù Ù…ÛŒ Ú©Ù†ÛŒØ¯ Ø¢Ø¯Ø±Ø³ Ù†Ù…Ø§ÛŒÙ†Ø¯Ú¯ÛŒ Ù‡Ø§ØªÙˆÙ† Ø±Ùˆ Ù‡Ù… Ø¨Ú¯ÛŒØ¯ Ù…Ù…Ù†ÙˆÙ† Ù…ÛŒØ´Ù…;z1234_hk
@milsophy.mk;hadis_goliii
@z1234_hk Ø´Ù…Ø§ Ú©Ø¯ÙˆÙ… Ø³Ù…Øª Ù‡Ø³ØªÛŒÙ† Ù†Ø²Ø¯ÛŒÚ©ØªØ±ÛŒÙ† Ø´Ø¹Ø¨Ù‡ Ù‡Ø§ Ø±Ùˆ Ø¨Ø±Ø§ØªÙˆÙ† Ø¨Ú¯Ù…;safirstores
@hufarsheydaei in code mahsole???che mahsooli hast?;safirstores
@safirstores cearem podr;hufarsheydaei
@safirstores Ù…ÛŒØ¯Ø§Ù† ÙˆÙ„ÛŒØ¹ØµØ±;z1234_hk
@parisnaz;mehranaslanii
@safirstores Ø±ÙˆØ²Ø¨Ø®ÛŒØ±ØŒØ§ÙˆÙ† Ø³Ø§ÛŒÙ‡ 6 Ø±Ù†Ú¯ Ùˆ Ø±Ú˜ Ú¯ÙˆÙ†Ù‡ Ù‡Ø§ Ø¯Ø± ÙØ±ÙˆØ´Ú¯Ø§Ù‡ Ù…ÙˆØ¬ÙˆØ¯Ù‡ØŸ;jan_banoo
@nahid_barati  chand kharidi azizam?;ttaakkiinn
@bahare_lashgari;vida_lashgari
@jan_banoo Ø±Ú˜Ú¯ÙˆÙ†Ù‡ Ù…ÙˆØ¬ÙˆØ¯Ù‡ ÙˆÙ„ÙŠ Ø³Ø§ÙŠÙ‡ ÙÙ‚Ø· Ù¥ Ø±Ù†Ú¯ Ù…ÙˆØ¬ÙˆØ¯Ù‡;safirstores
@z1234_hk Ø¹Ø°Ø± Ù…ÙŠ Ø®ÙˆØ§Ù… Ø¨Ø§Ø¨Øª ØªØ§Ø®ÙŠØ± Ø¯Ø± Ù¾Ø§Ø³Ø®Ú¯ÙˆÙŠÙŠ Ø´Ø¹Ø¨Ù‡ ÙØ±Ø´ØªÙ‡ Ø¯Ø± Ø®ÙŠØ§Ø¨Ø§Ù† ÙˆÙ„ÙŠØ¹ØµØ± Ù†Ø²Ø¯ÙŠÙƒ ØªØ±ÙŠÙ† Ø´Ø¹Ø¨Ù‡ Ø¨Ù‡ Ø´Ù…Ø§Ø³Øª;safirstores
@hufarsheydaei ÙŠÙ‡ Ù‡Ù…Ú†Ù†ÙŠÙ† ÙƒØ¯ÙŠ Ù†Ø¯Ø§Ø±Ù‡ Ø§Ø³Ù… ÙƒØ±Ù… Ù¾ÙˆØ¯Ø± Ø±Ùˆ Ø¨ÙØ±Ù…Ø§ÙŠÙŠØ¯ Ù„Ø·ÙØ§;safirstores
@zibashirin Ø¯ÙŠÙˆØ± Ú†Ù†Ø¯ÙŠÙ† Ù…Ø¯Ù„ Ø±Ú˜Ù„Ø¨ Ø¯Ø§Ø±Ù‡ ÙƒÙ‡ Ù‚ÙŠÙ…ØªØ§Ø´Ù… Ù…ØªÙØ§ÙˆØªÙ‡ Ùˆ Ø¯Ø± Ø­Ø¯ÙˆØ¯ Ù¢Ù Ù  Ø§Ù„ÙŠ Ù¢Ù¥Ù Ù Ù Ù  ØªÙˆÙ…Ø§Ù†Ù‡;safirstores
@safirstoresÙ…Ù…Ù†ÙˆÙ†Ù…;z1234_hk
@ele_naz;marri_hf
@safirstores Ø³Ù„Ø§Ù….Ù„Ø§Ùƒ Ù‡Ø§ÙŠ Ø¯ÙŠÙˆØ± Ú†Ù†Ø¯ Ù‚ÙŠÙ…ØªÙ‡ØŸØŸ;minoojane
@minoojane Ø³Ù„Ø§Ù… Ù‚ÙŠÙ…ØªØ´ Ù¡Ù Ù§Ù Ù Ù  ØªÙˆÙ…Ø§Ù†Ù‡;safirstores
Ø´Ø¹Ø¨Ù‡ Ù‰ Ú¯Ù„Ø³ØªØ§Ù† Ú†Ù‰ØŸ;kiimiiia
@kiimiiia Ù†Ù‡ ÙØ¹Ù„Ø§ Ø¹Ø²ÙŠØ²Ù…;safirstores
Ù„Ø·ÙØ§ Ù‚ÙŠÙ…Øª ÙƒØ±Ù… Ù¾ÙˆØ¯Ø± Ø¯ÙŠÙˆØ± Ø±Ùˆ Ø¨ÙØ± Ù…Ø§ÙŠÙŠØ¯;leila_moeni
@leila_moeni Ø¹Ø²ÙŠØ²Ù… Ø¯ÙŠÙˆØ± Ù¤ Ù…Ø¯Ù„ ÙƒØ±Ù… Ù¾ÙˆØ¯Ø± Ø¯Ø§Ø±Ù‡ ÙƒÙ‡ Ù‚ÙŠÙ…Øª Ù£ Ù…Ø¯Ù„Ø´ Ù¢Ù¢Ù¨Ù Ù Ù  ØªÙˆÙ…Ø§Ù†Ù‡ Ùˆ ÙŠÙƒ Ù…Ø¯Ù„Ø´Ù… Ù¢Ù¤Ù Ù Ù Ù  ØªÙˆÙ…Ø§Ù†Ù‡;safirstores
Ù¾ÙˆØ´Ø´ Ø®ÙˆØ¨Ù‰ Ø¯Ø§Ø±Ù‡;leila_moeni
Kerem poodre mac behtare ya dior?;ttaakkiinn
@ttaakkiinn Ø¹Ø²ÙŠØ²Ù… Ù…Ø§ Ø¨ÙŠÙ† Ø¨Ø±Ù†Ø¯ Ù‡Ø§ Ù†Ù…ÙŠ ØªÙˆÙ†ÙŠÙ… Ø¨Ú¯ÙŠÙ… ÙŠÙƒÙŠ Ø¨Ù‡ØªØ± Ø§Ø² Ø¯ÙŠÚ¯Ø±ÙŠÙ‡ØŒ Ù‡Ø± Ø¨Ø±Ù†Ø¯ Ù…Ø­ØµÙˆÙ„Ø§Øª Ø¨Ø§ Ø³Ø§Ø®ØªØ§Ø± Ø®Ø§Øµ Ø¯Ø§Ø±Ù‡ ÙƒÙ‡ Ø¨Ø§ÙŠØ¯ Ø¨Ø¨ÙŠÙ†ÙŠØ¯ ÙƒØ¯Ø§Ù… Ø±Ùˆ Ù…ÙŠ Ù¾Ø³Ù†Ø¯ÙŠØ¯ Ùˆ ÙƒØ¯Ø§Ù… Ù…Ù†Ø§Ø³Ø¨ Ù¾ÙˆØ³Øª Ø´Ù…Ø§Ø³Øª;safirstores
Ù…ÙŠØ´Ù‡ Ù‚ÙŠÙ…Øª Ø±ÙŠÙ…Ù„ Ø¯ÙŠÙˆØ± Ø¨Ú¯ÙŠØ¯;leila_moeni
Ù…Ø­ØµÙˆÙ„Ø§Øª Ø¯ÙŠÙˆØ± ØªÙˆÙŠ Ø´Ø¹Ø¨Ù‡ ÙŠ ÙƒØ§Ø³Ù¾ÙŠÙ† Ù…Ø¯ Ù‡Ù… Ù…ÙˆØ¬ÙˆØ¯ Ù‡Ø³ØªØŸØŸØŸ @safirstores;l3anafshehb
Ø³Ø§ÙŠÙ‡ Ø´Ø´ ØªØ§ÙŠÙŠ Ø¯ÙŠÙˆØ± Ù…ÙˆØ¬ÙˆØ¯ Ø¯Ø§Ø±ÙŠÙ†;pooneh_mihandar
@pooneh_mihandar Ù†Ù‡ Ø¹Ø²ÙŠØ²Ù… Ø³Ø§ÙŠÙ‡ Ù¥ ØªØ§ÙŠÙŠ Ù…ÙˆØ¬ÙˆØ¯ Ø¯Ø§Ø±ÙŠÙ…;safirstores
@l3anafshehb Ø¹Ø²ÙŠØ²Ù… Ø¹Ø°Ø± Ù…ÙŠ Ø®ÙˆØ§Ù… Ø¯ÙŠØ± Ø¬ÙˆØ§Ø¨ Ø¯Ø§Ø¯ÙŠÙ….Ù†Ù‡ ÙØ¹Ù„Ø§ Ø¯Ø± Ø´Ø¹Ø¨ ØªÙ‡Ø±Ø§Ù† Ø±ÙˆÙ†Ù…Ø§ÙŠÙŠ Ø´Ø¯Ù‡ ÙÙ‚Ø·;safirstores
@leila_moeni Ø¹Ø²ÙŠØ²Ù… Ø¹Ø°Ø± Ø®ÙˆØ§Ù‡ÙŠ Ù…ÙŠ ÙƒÙ†Ù… Ø¨Ø§Ø¨Øª ØªØ§Ø®ÙŠØ±ØŒ Ù‚ÙŠÙ…Øª Ø±ÙŠÙ…Ù„ Ù‡Ø§ÙŠ Ø¯ÙŠÙˆØ± Ù¡Ù¦Ù¢Ù Ù Ù  Ùˆ Ù¡Ù¦Ù§Ù Ù Ù  ØªÙˆÙ…Ø§Ù†Ù‡;safirstores
Ù‚ÙŠÙ…Øª Ø±Ú˜ Ú¯ÙˆÙ†Ù‡ Ù„Ø·Ø§ Ø¨Ú¯ÙŠÙ†. Ø¨Ø±Ø§ Ø®Ø±ÙŠØ¯ Ù…ÙŠØ´Ù‡ Ø±Ù†Ú¯ Ù„Ø§ÙƒÙ‡Ø§ÙŠ Ø¯ÙŠÙˆØ± Ø±Ùˆ Ø¨Ø±Ø§Ù… Ø¨ÙØ±Ø³ØªÙŠÙ†;pooneh_mihandar
@pooneh_mihandar Ø±Ú˜Ú¯ÙˆÙ†Ù‡ ØªÙƒ Ø±Ù†Ú¯ Ù¢Ù Ù Ù Ù Ù  ØªÙˆÙ…Ø§Ù†;safirstores
@pooneh_mihandar Ø¹Ø²ÙŠØ²Ù… Ø±Ù†Ú¯ Ù‡Ø§Ø´Ù… Ø¨Ø§ÙŠØ¯ ØªÙˆ Ø§Ø³ØªÙ†Ø¯ Ø¯ÙŠÙˆØ± Ø¨Ø¨ÙŠÙ†ÙŠØ¯ Ø¹ÙƒØ³ÙŠ ÙƒÙ‡ Ø´Ø§Ù…Ù„ ØªÙ…Ø§Ù…ÙŠ Ø±Ù†Ú¯ Ù‡Ø§ Ø¨Ø§Ø´Ù‡ Ù†Ø¯Ø§Ø±ÙŠÙ… Ù…ØªØ§Ø³ÙØ§Ù†Ù‡;safirstores
bebakhshid rozh maye ke faghat shine bashe mojud darid??? ba'd inke gheimate rozh mayehatoon chande??????;leilayasari
@leilayasari Ø¹Ø²ÙŠØ²Ù… Ú†Ù‡ Ø¨Ø±Ù†Ø¯ÙŠØŸ;safirstores
Dior manzuram bude;leilayasari
havasam nabud ke nagoftam brandesho;leilayasari
vaght be kheyr mitonam khahesh konam gheymate rojhe mayeh k toy aks hast o begid ? mojod hast ? mamnoon ğŸŒ¸;mahsa.gholamizadeh
@shima.mff@___mi___na;_elham97_
So true;monadabbagh
@bitadabbagh;monadabbagh
@nilo_db;monadabbagh
@baharii.k;vahid_farshad
@rezvaneh_fld;haaannaaaa
@haaannaaaa hana male to dorost bood?;monadabbagh
@monadabbagh ğŸ˜areee monaa ROUNDED SMOOTH TIP â˜ºï¸;haaannaaaa
@maryamnayeri @spr9766 @maryamkarmpoor;h.a.n.ii.e.h
@haaannaaaa vayyyy are male to khode khodeshe.manam flat;monadabbagh
@monadabbagh ğŸ˜„ğŸ˜šğŸ‘ŒğŸ‘âœŒï¸;haaannaaaa
@pari.nik00;maral_mrf
@b.fayazhosseini;nedaazaree
@elhamjahani96 @sa_ra_jb;_faezeh_jpz
@sadafge;yasamange
@sadafge ğŸ˜®ğŸ˜®ğŸ˜®ğŸ˜®;yasamange
Kheyli jalebe ğŸ˜„ğŸ˜„;nahid_barati
@_faezeh_jpz ØµØ§Ø§Ø§Ø§Ù ğŸ˜„ğŸ˜ŠğŸ˜Š;elhamjahani96
@asaloliyazadeh @afsane_joyeghbal @ensieeghbal;anna.eghbal
@mona_et;asaloliyazadeh
Ø¹Ø·Ø± ÙƒÙŠØª Ø§Ø³Ù¾ÙŠØ¯ Ùˆ ÙƒÙ„ÙˆÙŠÙ† ÙƒÙ„Ø§ÙŠÙ† Ø¯Ø± ÙØ±ÙˆØ´Ú¯Ø§Ù‡ Ù…ÙˆØ¬ÙˆØ¯ Ù†ÙŠØ³Øª;ab_mmb
@ab_mmb Ø¯ÙˆØ³Øª Ø¹Ø²ÛŒØ² Ù‡ÛŒÚ† ÙØ±ÙˆØ´Ú¯Ø§Ù‡ÛŒ Ù†Ù…ÛŒ ØªÙˆÙ†Ù‡ Ù‡Ù…Ù‡ ÛŒ Ø¨Ø±Ù†Ø¯Ù‡Ø§ÛŒ Ø¹Ø·Ø±ÛŒ Ùˆ ÛŒØ§ Ø¢Ø±Ø§ÛŒØ´ÛŒ Ø±Ùˆ Ø¯Ø§Ø´ØªÙ‡ Ø¨Ø§Ø´Ù‡.;safirstores
@nazanin.keyhanpour;phdz1
@phdz1 sharp diagonal, u?;nazanin.keyhanpour
@nazanin.keyhanpour me ToOğŸ˜†;phdz1
@seeelmmaaa;faaranak_rz
@_armaghaan;nilllllly
@paniz_.ef;nilllllly
@moh3nd;masoudx8
@s.sheykhiyanpour @s_h_m_a_t @e.s.amini @asgarielena @monafard11 @_mehrbanoo__;miinafard
@sarasheikhi733 @mitra.havestin;amirmohsenn
@saramotaghi @zeinabostad Ø§ÙŠÙ†Ù… Ø§Ø¯Ø§Ù…Ø´ğŸ˜‚ğŸ˜‚ğŸ˜‚ğŸ˜‚;m.masoombeigi
ğŸ˜‚ğŸ˜‚ğŸ˜‚ğŸ˜‚ @miinafard;s.sheykhiyanpour
@amirmohsenn ğŸ˜†ğŸ˜†ğŸ˜†ğŸ˜†;mitra.havestin
@virtual.boys ğŸ˜ğŸ˜ğŸ˜;minoojane
@ardalanst @aliaminii @alirezatasdighi @fery866 @pegooshi @tannazdezfouli ğŸ˜…ğŸ˜…ğŸ˜…;saragoshi
@aslansharifhoor;naghi_percussion
ÙÙ‚Ø· Ø¹Ø·Ø± Ø®ÙˆØ¯Ù…;virtual.boys
@aliyoumoustapha best commercial ever! ğŸ™ˆğŸ˜‚;asiehasefi
ğŸ˜‚ğŸ˜‚ğŸ˜‚ğŸ˜‚ğŸ˜‚;tannazdezfouli
@saba.eko @zhrhsntvssl @rahimisaeide ğŸ˜‚ğŸ˜‚ğŸ˜‚ğŸ˜‚;mokarimaryam
@mokarimaryam loooool;zhrhsntvssl
@zsjdpr @hadiyeh91 @_nargesshahbazi_ @mina.13700;zhrhsntvssl
@zhrhsntvssl  loooooool;zsjdpr
@ali1987sh2;shiva_khosravy
Hot, the favorite person in your life will love it. Newest at the Guerlain counter.;guerlain_gorgeous
@miinafard ğŸ˜‚ğŸ˜‚ğŸ˜‚ğŸ˜‚ğŸ˜‚ğŸ˜‚ğŸ˜‚ğŸ˜‚ğŸ˜‚ğŸ˜‚ğŸ˜‚ğŸ˜‚ğŸ˜‚ğŸ˜‚ğŸ˜‚;_mehrbanoo__
@cyan.ads;fery1394
@farhang_zobdeh  to ino dari?ğŸ˜‚ğŸ˜‚;mary.lucyy
@mary.lucyy na azizam man yeki dgasho daram vali fk konam az ye line an:));farhang_zobdeh
Ù„Ø§Ù†ÙƒÙˆÙ… Ø¨Ù‰ Ù†Ø¸ÙŠØ±Ù‡;maryjalali
ğŸ‘ğŸ»Ãˆ;peyvandrad
@safirstores gheymat mishe bedin?;romina_lpo
@safirstores midinighte tresor mojood darin?;shivabanaeipour
@safirstores key shoabe golestan miare..?;mehrazasadi
lancome is the best, specially "midnight rose"ğŸŒ¹ğŸŒ¹ğŸŒ¹;fatemeh_arezi
Ù„Ø§ÛŒÙ† ØªØ±Ø²ÙˆØ± Ø§Ø² Ø¨Ù‡ØªØ±ÛŒÙ† Ú©Ø§Ø±Ø§ÛŒ Ù„Ù†Ú©ÙˆÙ… Ù‡Ø³Øª ÙˆØ¨ÛŒÙ† Ù‡Ù…Ø´ÙˆÙ† Ù‡Ù…ÛŒÙ† Ù†Ø³Ø®Ù‡ Ù„Ø§Ù†ÙˆÛŒÛŒØª ğŸ‘ŒğŸ‘ğŸ‘;smt_v10
@negaaariiin;poriasafa
Ø¨ÙŠÙ† Ù…Ø¯Ù†Ø§ÙŠØª Ø±Ø² Ùˆ Ù„Ø§ÙˆÙŠØ¨Ù„Ù‡ Ø§Ù„Ø¨ØªÙ‡ Ø§ÙŠÙ† Ù†Ø¸Ø± Ù…Ù†Ù‡;beauty_land_parfum
@poriasafa Ø§ÙˆÙ…Ø¯ Ø¨Ø±Ø§ÙŠ Ù…Ø§ØŸØŸ;negaaariiin
@negaaariiin na vali fk konam emruz biad;poriasafa
@parisa_sy_ Ø¨Ù„Ù‡ØŒ Ù§Ù¥ Ù…ÙŠÙ„Ù¤Ù¦Ù¥Ù Ù Ù  ØªÙˆÙ…Ø§Ù† Ùˆ Ù¥Ù  Ù…ÙŠÙ„ Ù£Ù¦Ù¦Ù Ù Ù  ØªÙˆÙ…Ø§Ù†;safirstores
@shivabanaeipour Ø¨Ù„Ù‡ Ù§Ù¥ Ù…ÙŠÙ„Ø´Ùˆ Ù…ÙˆØ¬ÙˆØ¯ Ø¯Ø§Ø±ÙŠÙ…;safirstores
@mehrazasadi ÙØ±Ø¯Ø§ Ù…ÙŠ ØªÙˆÙ†ÙŠØ¯ Ø¯Ø± Ú¯Ù„Ø³ØªØ§Ù† Ø§ÙŠÙ† Ù…Ø­ØµÙˆÙ„ Ø±Ùˆ Ø®Ø±ÙŠØ¯Ø§Ø±ÙŠ ÙƒÙ†ÙŠØ¯;safirstores
@smt_v10 la nuit migin az lavie... midnight behtare ? akhe man har dotaro daram va razi hastam ama badam nemiad in kare jadidesham bekharam;shivabanaeipour
@safirstores mamnun kharidam az shobe kaspian mod , kheyli ham razi hastam , la nuit ham mandegarish o pakhshe boosh mesle lavie.. va  midnight hast ???;shivabanaeipour
@shivabanaeipour Ø·Ø¨Ù‚ Ù†Ø¸Ø±Ù‡Ø§ÙŠÙŠ ÙƒÙ‡ Ø¯Ø§Ø¯Ù‡ Ø´Ø¯Ù‡ Ø§ÙŠÙ† Ø¹Ø·Ø± Ø¨ÙŠÙ† Ù„Ø§ÙˆÙŠÙ‡ Ø¨Ù„ Ùˆ Ù…ÙŠØ¯Ù†Ø§ÙŠØª .Ø§Ù„Ø¨ØªÙ‡ Ù†Ù…ÙŠÙ‡ Ø¹Ø·Ø± Ù‡Ø§Ø±Ùˆ Ø§ÙŠÙ†Ø¬ÙˆØ±ÙŠ Ø¯Ø³ØªÙ‡ Ø¨Ù†Ø¯ÙŠ ÙƒØ¯Ø± ÙˆÙ„ÙŠ Ø´Ø¨Ø§Ù‡Øª Ø¨ÙŠÙ† Ø§ÙŠÙ† Ø¹Ø·Ø±Ù‡Ø§ Ù‡Ø³Øª;safirstores
@safirstores mamunam az rahnamaeitoon;shivabanaeipour
@shivabanaeipour Ø®ÙˆØ§Ù‡Ø´ Ù…ÙŠ ÙƒÙ†Ù… Ø¹Ø²ÙŠØ²Ù…;safirstores
@shivabanaeipour Ø´ÛŒÙˆØ§ Ø®Ø§Ù†ÙˆÙ… ØªÙˆ Ø¯Ù†ÛŒØ§ÛŒ Ø¹Ø·Ø± Ùˆ Ø§Ø¯Ú©Ù„Ù† Ù‡ÛŒÚ†Ú©Ø³ Ù†Ù…ÛŒØªÙˆÙ†Ù‡ ÛŒÙ‡ Ø¹Ø·Ø±Ùˆ Ø¨Ø±ØªØ± Ø§Ø² Ø¯ÛŒÚ¯Ø±ÛŒ Ø¨Ø¯ÙˆÙ†Ù‡ Ù…Ú¯Ø± ØªÙˆ Ø®Ù„ÙˆØµ Ùˆ Ú©ÛŒÙÛŒØª Ø±Ø§ÛŒØ­Ù‡ ØŒ Ú†ÙˆÙ† Ù¾Ø³Ù†Ø¯ Ø±Ø§ÛŒØ­Ù‡ ÛŒÚ© Ø§Ù…Ø± Ú©Ø§Ù…Ù„Ø§ Ø³Ù„ÛŒÙ‚Ù‡ Ø§ÛŒÛŒ Ù‡Ø³ØªØ´ ØŒ Ø§Ø² Ù†Ø¸Ø± Ø±Ø§ÛŒØ­Ù‡ Ù„Ø§ÙˆÛŒØ³Øª Ùˆ Ù„Ø§Ù†ÙˆÛŒØª ØªÙ‚Ø±ÛŒØ¨Ø§ ØªÙˆ ÛŒÙ‡ Ø³Ø¨Ú© Ø¨Ùˆ Ù‡Ø³ØªÙ† Ø¨Ø§ Ø§ÛŒÙ† ØªÙØ§ÙˆØª Ú©Ù‡ Ù„Ø§ÙˆÛŒØ³Øª ÛŒÙ‡ Ú©Ø§Ø±Ù‡ ÙˆØ§Ù†ÛŒÙ„ÛŒ Ú©Ø§Ø±Ø§Ù…Ù„ÛŒ Ù‡Ø³Øª Ø§Ù…Ø§ ØªÙˆ Ù„Ø§Ù†ÙˆÛŒØª ÙˆØ§Ù†ÛŒÙ„ Ú©Ù…Ø±Ù†Ú¯Ù‡ Ùˆ Ø¨Ø¬Ø§Ø´ Ø¨Ø®ÙˆØ± Ùˆ Ù‚Ù‡ÙˆÙ‡ Ø§Ø¶Ø§ÙÙ‡ Ø´Ø¯Ù‡ Ú©Ù‡ Ù‡Ù…ÛŒÙ† Ø¨Ø§Ø¹Ø« Ø³Ù†Ú¯ÛŒÙ†ØªØ± Ø´Ø¯Ù† Ø±Ø§ÛŒØ­Ù‡ Ø´ Ø´Ø¯Ù‡;smt_v10
@shivabanaeipour Ù‚ØµÙ‡ Ù…ÛŒØ¯Ù†Ø§ÛŒØª Ù‡Ù… Ù…ØªÙØ§ÙˆØª Ø§Ø² Ø¯Ùˆ Ú©Ø§Ø± Ù‚Ø¨Ù„ÛŒÙ‡ ØŒ ØªØ±Ú©ÛŒØ¨ ØªÙ…Ø´Ú© Ùˆ Ø±Ø² Ø¨Ù‡ Ù‡Ù…Ø±Ø§Ù‡ ÙˆØ§Ù†ÛŒÙ„ ÛŒÙ‡ Ú©Ø§Ø±Ù‡ Ø±Ù…Ø§Ù†ØªÛŒÚ© Ùˆ Ø´ÛŒÚ© Ø±Ùˆ Ø¨ÙˆØ¬ÙˆØ¯ Ø¢ÙˆØ±Ø¯Ù† Ø¯Ø± ØµÙˆØ±ØªÛŒÚ©Ù‡ Ø¯ÙˆØªØ§ Ú©Ø§Ø±Ù‡ Ù‚Ø¨Ù„ÛŒ Ø±ÙˆØ§ÛŒØ­ Ø®ÙˆØ´Ù…Ø²Ù‡ Ùˆ Ø´ÛŒÚ© Ø¯Ø§Ø±Ù†;smt_v10
@smt_v10 mersi ğŸ˜Š;shivabanaeipour
@mozhdehhsn nagam cheghad khoobe ğŸ˜ğŸ‘ŒğŸ¼;poonehrhm
pakhshe bu va mandegarie midnight chetorie?mishe kasayi ke midunan mano rahnamayi konan?tnx;shima.shakiba67
@bahar6250 Ø¹Ø²ÙŠØ²Ù… Ø¹Ø·Ø± Ø®Ø§Øµ ÙƒÙ‡ Ø²ÙŠØ§Ø¯ Ù‡Ø³ØªØŒØ§Ø·Ù„Ø§Ø¹Ø§Øª Ø´Ù…Ø§ Ù†Ø§Ù‚ØµÙ‡ Ù…Ø§Ù†Ù†Ø¯ Ù‚ÙŠÙ…Øª Ùˆ ÙŠØ§ Ø§ÙŠÙ†ÙƒÙ‡ Ù‚Ø¨Ù„Ø§ Ú†Ù‡ Ø¹Ø·Ø± Ù‡Ø§ÙŠ Ø±Ùˆ Ø§Ø³ØªÙØ§Ø¯Ù‡ Ù…ÙŠ Ú¯Ø±Ø¯ÙŠØ¯ Ùˆ Ø§Ø² Ú†Ù‡ Ù†ÙˆØ¹ Ø¨ÙˆÙŠÙŠ Ø®ÙˆØ´ØªÙˆÙ† Ù…ÙŠ ÙŠØ§Ø¯ Ù…Ø«Ù„ Ø±Ø§ÙŠØ­Ù‡ ÙŠ Ú¯Ù„ Ù‡Ø§ ÙŠØ§ Ù…ÙŠÙˆÙ‡ Ù‡Ø§ ÙŠØ§ Ù†Ù‡ Ø±Ø§ÙŠØ­Ù‡ ÙŠ Ø´ÙŠØ±ÙŠÙ† Ùˆ ....;safirstores
@safirstores Ø®Ø¨ Ù‚ÛŒÙ…ØªØ´ Ù…Ù‡Ù… Ù†ÛŒØ³ØŒØŒØŒÙ‚Ø¨Ù„Ø§ Ù‡Ù… Ø¹Ø·Ø± Ø²ÛŒØ§Ø¯Ø§Ø³ØªÙØ§Ø¯Ù‡ Ú©Ø±Ø¯Ù… ÙˆÙ„ÛŒ Ø®Ø¨ Ù‡Ø±Ø¹Ø·Ø±ÛŒÙˆ ÛŒÙ‡ Ø¨Ø§Ø± Ø²Ø¯Ù… Ú†ÙˆÙ† Ø®ÙˆØ´Ù… Ù†ÛŒÙˆÙ…Ø¯Ù‡......Ø±Ø§ÛŒØ­Ù‡ Ú¯Ù„Ù‡Ø§ ....Ø­Ø§Ù„Ø§ Ø§Ú¯ Ú†Ù† ØªØ§Ø¹Ø·Ø±Ù…Ø¹Ø±ÙÛŒ Ú©Ù†ÛŒÙ† Ù…Ù…Ù†ÙˆÙ† Ù…ÛŒØ´Ù…:-):-):-):-):-);-):-):-):-):-):-):-):-):-):-):-);mahya_zand4
Ù…ÛŒØ¯Ù†Ø§ÛŒØª Ø±Ø² Ù¾Ø®Ø´ Ùˆ Ù…Ø§Ù†Ø¯Ú¯Ø§Ø±ÛŒ Ù…ØªÙˆØ³Ø· Ø±Ùˆ Ø¨Ù‡ Ù¾Ø§ÛŒÛŒÙ† Ø¯Ø§Ø±Ù‡ Ø¨Ø±Ø§ÛŒ Ù…Ù† Ú©Ù‡ Ø§ÛŒÙ†Ø·ÙˆØ± Ø¨ÙˆØ¯;maanaa2014
Ø¨Ù‡ Ù†Ø¸Ø± Ù…Ù† Ø®ÙˆØ¯ Ù†Ø³Ø®Ù‡ Ø§ÙˆÙ„ÛŒÙ‡ ØªØ±Ø²ÙˆØ± Ø¨Ø§ Ø±Ø§ÛŒØ­Ù‡ ØºØ§Ù„Ø¨ Ù‡Ù„Ùˆ Ù…Ø­Ø´Ø±ØªØ±ÛŒÙ† Ùˆ Ú©Ù„Ø§Ø³ÛŒÚ©ØªØ±ÛŒÙ† Ø¹Ø·Ø± Ø§Ø² Ø§ÛŒÙ† Ø³Ø±ÛŒ Ù‡Ø³Øª;maanaa2014
@mahya_banoo4 Ø¹Ø²ÙŠØ²Ù… Ø§Ø² Ø¨Ø±Ù†Ø¯Ù‡Ø§ÙŠ Ø§Ø¯Ø³ Ø¯ ÙˆÙ†ÙˆØ³ØªØ§Ø³ oeillet bengale Ùˆ iris nazarena Ø§Ø² Ø¨Ø±Ù†Ø¯ Ù…Ø§Ø±Ù„ÙŠ Ø¹Ø·Ø± Ø¯Ø§Ø±Ø³ÙŠ;safirstores
@mahya_banoo4 ÙˆØ§Ú¯Ø± Ø¹Ø·Ø± Ù‡Ø§ÙŠ Ø®Ø§Øµ ØªØ± Ù…Ø¯ Ù†Ø¸Ø±ØªÙˆÙ† Ù‡Ø³Øª Ø¨Ù‡ ÙØ±ÙˆØ´Ú¯Ø§Ù‡ Ù¾Ø§Ù„Ø§Ø³ Ù…Ø§ ÙƒÙ‡ Ø¯Ø± Ø§Ø±Ú¯ ØªØ¬Ø§Ø±ÙŠ ØªØ¬Ø±ÙŠØ´ Ù‡Ø³Øª Ù‡Ù… Ù…ÙŠ ØªÙˆÙ†ÙŠØ¯ Ù…Ø±Ø§Ø¬Ø¹Ù‡ ÙƒÙ†ÙŠØ¯ ÙƒÙ‡ ÙÙ‚Ø· Ø¹Ø·Ø± Ù‡Ø§ÙŠ Ø®Ø§Øµ Ø¨Ù‡ ÙØ±ÙˆØ´ Ù…ÙŠØ±Ø³Ù‡;safirstores
@arghavan.z1990 in page ro goftam;__silvereyed__
@mahkaameh.ramezani;mery_saadaty
@zahrahadavand;soodehb7
@sajaddejkhim97;_elham97_
Ù…ÛŒØ´Ù‡ Ù‚ÛŒÙ…Øª Ù‡Ù… Ø¨Ø¯ÛŒØ¯ØŸØŸÙ…Ù…Ù†ÙˆÙ†.;datiss_senatorr
@sohrabi6008 ØªÙˆ Ù¾Ø³Øª Ø¨Ø¹Ø¯ÙŠ ÙŠÙƒ Ù…Ø­ØµÙˆÙ„ Ø±Ùˆ Ù…Ø¹Ø±ÙÙŠ Ù…ÙŠ ÙƒÙ†ÙŠÙ… Ùˆ Ù‚ÙŠÙ…Øª Ù‡Ù… Ù…ÙŠ Ú¯Ø°Ø§Ø±ÙŠÙ…;safirstores
@saharnaz.too;sinaatorabi70
@kearrcosmetics;reihanet
Ø´Ù…Ø§ Ù…Ø­ØµÙˆÙ„Ø§Øª clinique Ù‡Ù… Ø¯Ø§Ø±ÛŒØ¯ØŸÙ…Ø­ØµÙˆÙ„Ø§Øª Ø¨Ù‡Ø¯Ø§Ø´ØªÛŒ Ù…Ø«Ù„ Ù…Ø­Ù„ÙˆÙ„ Ù¾Ø§Ú© Ú©Ù†Ù†Ø¯Ù‡ ØµÙˆØ±ØªØŸ;_nushin
@nushin_shad Ù†Ù‡ Ø¹Ø²ÙŠØ²Ù… ÙƒÙ„ÙŠÙ†ÙŠÙƒ Ù†Ø¯Ø§Ø±ÙŠÙ…;safirstores
@shararehmh;shahrzood
@mahsa_diy;saliiix
@mahsa.ghz @ahmsaina;saminkh
Ù‚ÛŒÙ…Øª Ú©Ø±Ù… Ø³Ø¨Ø² Ø±Ù†Ú¯ Ú©Ù„ÛŒÙ†ÛŒÚ© Ú†Ù†Ø¯Ù‡ØŸ;honey_13695
@honey_13695 Ø¹Ø²ÙŠØ²Ù… Ù…Ø§ Ù…Ø­ØµÙˆÙ„Ø§Øª ÙƒÙ„ÙŠÙ†ÙŠÙƒ Ù†Ø¯Ø§Ø±ÙŠÙ… Ø§ÙŠÙ† ÙÙ‚Ø· ÙŠÙƒ Ø¹ÙƒØ³ Ø¨Ø±Ø§ÙŠ ØªÙˆØ¶ÙŠØ­ Ù…Ø·Ù„Ø¨ Ø¨ÙˆØ¯;safirstores
@taiebe.br;fatemehbrz
@fatemehbrz moshkelet hal shod?;taiebe.br
@taiebe.br :-D;fatemehbrz
@shimash6;elhaminaa
@safirstores  bbcream estee lauder ro darid?;dbaopal
@dbaopal Ù†Ù‡ Ø§ÛŒÙ† Ø¨Ø±Ù†Ø¯ Ø±Ùˆ Ù…ÙˆØ¬ÙˆØ¯ Ù†Ø¯Ø§Ø±ÛŒÙ…;safirstores
@safirstores cream dd che brandi darid?;ranagh87
@ranagh87 ÙØ¹Ù„Ø§ ÙƒØ±Ù… Ù‡Ø§ÙŠ Ø¯ÙŠ Ø¯ÙŠ Ø²ÙŠØ§Ø¯ÙŠ Ø¹Ø±Ø¶Ù‡ Ù†Ø´Ø¯Ù†Ø¯;safirstores
@moniro0 @shining_ruby;hananeh_khn
ğŸ‘ğŸ˜;ehsun89
@mahsaa93m roozet mobarak dokiğŸ˜›ğŸ˜„;at_h03eyni
@raminalipourt @royalipour rozeton mobarak cousin haye azizam ğŸ’‹â¤ï¸ğŸ’‹â¤ï¸;kimiakitten
@mjdgmr;farshad64
@alirezakhansamadi;farshad64
@afshooon;farshad64
@rezamahdavian;farshad64
@hodi_hodi;nutriga_kourosh
@azar_s  mersi eshgh ğŸ˜â¤;2l0vebirds2
Masulate nars va naked ro darin? Kodum shobe?;_.el._m
@azar_s merc azize delam ğŸ˜ğŸŒ¹;mahsa0moon
@at_h03eyni mrcii aziiizam roooze toam mobaraaakk;mahsaa93m
Roozet mobarak mona jannn. @mona.vala;hamidgram
@nutriga_kourosh  Ù…Ù…Ù†ÙˆÙ† Ø§Ø² Ù„Ø·Ù Ø´Ù…Ø§;hodi_hodi
@hamidgram Ù…Ø±Ø³ÙŠ :);mona.vala
@_.el._m  Ø¹Ø²ÛŒØ²Ù… Ù†Ø¯Ø§Ø±ÛŒÙ… Ø§ÛŒÙ† Ù…Ø­ØµÙˆÙ„Ø§Øª Ø±Ùˆ;safirstores
@farshad64 merciiiii :);afshooon
@nassim2665;ghazalemob
Ø¹Ø§Ù„ÛŒÙ‡ğŸ‘ŒğŸ‘ŒğŸ‘Œ;momi_marmar
@zzohrevandi;za.mhds.a
Chera daghe dele mano taze mikoni?! ğŸ˜” @za.mhds.ay;zzohrevandi
Ø§ÙˆÙ† Ø³ÙÛŒØ¯Ù‡ Ø±Ùˆ Ú†Ø±Ø§ Ù†Ù…ÛŒØ§Ø±ÛŒØ¯ØŸØŸØŸØŸ;_poursarraf
@1394mell;smhd_rzv
@ms.srf Ø¹Ø²ÙŠØ²Ù… Ø¹Ø·Ø±Ù‡Ø§ Ø¨Ø± Ø§Ø³Ø§Ø³ Ø³ÙŠØ§Ø³Øª Ù‡Ø§ÙŠ Ø¨Ø±Ù†Ø¯Ù‡Ø§ Ùˆ ÙƒÙ…Ù¾Ø§Ù†ÙŠ Ù‡Ø§ÙŠ ÙˆØ§Ø±Ø¯ÙƒÙ†Ù†Ø¯Ù‡ØŒ ÙˆØ§Ø±Ø¯ Ø§ÙŠØ±Ø§Ù† Ù…ÙŠØ´Ù‡ .;safirstores
@suzanne_mohamadian;mariahmohammadian
Ø®ÙˆØ´ Ø¨ÙˆØ³Øª;mah.ghas
Ø¹Ø§Ù„ÛŒÙ‡ ğŸ‘Œ;mry_mtd
ğŸ‘ŒğŸ‘ŒğŸ‘ğŸ‘ğŸ‘ğŸ‘ğŸŒ¸ğŸŒ¸ğŸŒ¸ğŸŒ¸;elhamaghilii
Ø¹Ø§Ø§Ø§Ø§Ù„ÙŠÙ‡ğŸ˜˜ğŸ˜˜ğŸ‘ğŸ‘ğŸ‘ğŸ‘;shirinhesabiiii
@monaaaaaaeeee Ø¹Ø²ÙŠØ²Ù… Ù¡Ù Ù  Ù…ÙŠÙ„Ø´ Ù£Ù¤Ù©Ù Ù Ù  ØªÙˆÙ…Ø§Ù† Ùˆ Ù¥Ù  Ù…ÙŠÙ„Ø´ Ù¢Ù¤Ù¦Ù Ù Ù  ØªÙˆÙ…Ø§Ù†;safirstores
@esmat_farid ğŸ˜Š;saba.7030
@tayebe.cheraqi ğŸ˜Š;saba.7030
@miinalz bira bakh birdan intikhab ela taza atrlar chikhip;annaamjadi
@annaamjadi 5Shanbe berim lale atr enteXab konim bad man eSm bedam biare baramun ğŸ™ˆ;miinalz
@miinalz bia pv;annaamjadi
Ù…ÛŒØ¨Ø®Ø´ÛŒØ¯ Ø´Ù…Ø§ Ø¹Ø·Ø± bossÙ…Ø¯Ù„ femme Ø±Ùˆ Ø¯Ø§Ø±ÛŒØ¯ØŸ;raheleh.saidi
Ø³Ù„Ø§Ù… Ù‚ÛŒÙ…ØªØ´ Ú†Ù†Ø¯Ù‡ Ø§Ø±Ù…Ø§Ù†ÛŒ;sarafatemi59
@raheleh.saidi Ø¹Ø²ÛŒØ²Ù… Ø¨Ø¨Ø®Ø´ÛŒØ¯ Ú©Ø§Ù…Ù†ØªØªÙˆÙ† Ø±Ùˆ Ù†Ø¯ÛŒØ¯Ù‡ Ø¨ÙˆØ¯Ù… Ù†Ù‡ Ù†Ø¯Ø§Ø±ÛŒÙ…;safirstores
@sarafatemi59 Ù‚ÛŒÙ…Øª Ø³ÛŒ Ø§Ø¯Ùˆ ØªÙˆØ§Ù„Øª 100 Ù…ÛŒÙ„ 349000 Ùˆ 50 Ù…ÛŒÙ„ 246000 ØªÙˆÙ…Ø§Ù†;safirstores
Ø´Ø¹Ø¨Ù‡ Ù…Ù‡Ù†Ø§Ø² Ø¯Ø§Ø±ÛŒÙ†  Ø¹Ø·Ø± Ø±Ùˆ ØŸ;sarafatemi59
@zohre_67 @fatemeeraad;saraaraaad
@lilip_93 @shimmap;monaesslami
Ø§Ø´ØªØ¨Ø§Ù‡Ù‡ ØŒ Ø§ÛŒØ±Ø§Ù† Ø¨Ø§ Ø§Ø®ØªÙ„Ø§Ù ÙØ§Ø­Ø´ÛŒ Ø§ÙˆÙ„Ù‡;smt_v10
@smt_v10 Ø¸Ø§Ù‡Ø±Ø§ Ø§ÙŠÙ†Ø¬ÙˆØ±ÙŠ Ø¨Ù‡ Ù†Ø¸Ø± Ù…ÙŠØ±Ø³Ù‡ ÙˆÙ„ÙŠ Ø¢Ù…Ø§Ø± Ùˆ Ø§Ø±Ù‚Ø§Ù… Ú†ÙŠØ² Ø¯ÙŠÚ¯Ù‡ Ù…ÙŠÚ¯Ù‡ D:;safirstores
Ù…Ø§ Ú†ÛŒØ²ÛŒ Ø±Ùˆ Ú©Ù‡ Ø¨Ø§ Ú†Ø´Ù… Ø®ÙˆØ¯Ù…ÙˆÙ† Ø¯ÛŒØ¯ÛŒÙ…Ùˆ Ù…ÛŒØ¨ÛŒÙ†ÛŒÙ…Ùˆ Ø¨Ø§ÙˆØ± Ù…ÛŒÚ©Ù†ÛŒÙ… ØŒ Ù…Ù† Ø¢Ù…Ø§Ø± Ø¯ÛŒÚ¯Ù‡ Ø§ÛŒÛŒ Ø±Ùˆ Ø¯ÛŒØ¯Ù‡ Ø¨ÙˆØ¯Ù… Ú©Ù‡ Ø¨Ø¹Ø¯Ø§Ø² Ù‡Ù†Ø¯ Ù…Ø§ Ø±ØªØ¨Ù‡ Ø¯ÙˆÙ… Ø±Ùˆ Ø¯Ø§Ø±ÛŒÙ… ØŒ Ø§Ú¯Ù‡ ÛŒÙ‡ Ù…Ø³Ø§Ø¨Ù‚Ø§ØªÛŒ Ù…ÛŒØ°Ø§Ø´ØªÙ† ØªÙˆ Ø§Ù„Ù…Ù¾ÛŒÚ© ÙˆØ§Ø³Ù‡ Ø¢Ø±Ø§ÛŒØ´ Ø¯Ø®ØªØ±Ø§ÛŒ Ø§ÛŒØ±Ø§Ù†ÛŒ ØªÙˆ ØªÙ…Ø§Ù… Ø±Ø¯Ù‡ Ù‡Ø§ÛŒ Ø³Ù†ÛŒ Ù…Ù‚Ø§Ù… Ø§ÙˆÙ„ ØªØ§ Ø³ÙˆÙ… Ø±Ùˆ Ù‚Ø¨Ø¶Ù‡ Ù…ÛŒÚ©Ø±Ø¯Ù† ğŸ˜ƒ;smt_v10
Ø±Ø§Ø³ØªÛŒ Ø§Ø¯Ù…ÛŒÙ† Ø¬Ø§Ù† Ù…Ø¯ÛŒØ±ÛŒØª ØªØµÙ…ÛŒÙ… Ù†Ø¯Ø§Ø±Ù‡ Ù‚ÛŒÙ…ØªØ§ÛŒ ÙØ¹Ù„ÛŒ Ø±Ùˆ ØªØºÛŒÛŒØ± Ø¨Ø¯Ù‡ ØŸ Ø¬Ø§Ù‡Ø§ÛŒ Ø¯ÛŒÚ¯Ù‡ ØªØ§ Û³Û°Ùª Ù¾Ø§ÛŒÛŒÙ† Ø§ÙˆÙ…Ø¯Ù‡;smt_v10
@smt_v10 ÙƒØ§Ù…Ù„Ø£ Ù…ÙˆØ§ÙÙ‚Ù…ØŒØ§ÙØ²Ø§ÙŠØ´ Ù‚ÙŠÙ…Øª Ù‡Ø§ÙŠ Ù…Ø¬Ù…ÙˆØ¹Ù‡ Ø³ÙÙŠØ± Ø¨Ø³ÙŠØ§Ø± Ø²ÙŠØ§Ø¯ Ùˆ ØºÙŠØ± Ù‚Ø§Ø¨Ù„ Ù‚Ø¨ÙˆÙ„ Ù‡Ø³ØªØ´.;sahand625
@smt_v10 Ø±Ø§Ø³ØªØ´ ÙØ¹Ù„Ø§ Ø®Ø¨Ø±ÙŠ Ø¯Ø± Ø¬Ù‡Øª ÙƒØ§Ù‡Ø´ Ù‚ÙŠÙ…Øª Ø¨Ù‡ Ù…Ø§ Ø§Ø¨Ù„Ø§Øº Ù†Ø´Ø¯Ù‡;safirstores
@sahand625 Ø¯ÙˆØ³Øª Ø¹Ø²ÙŠØ² Ù…Ø§ Ù‚ÙŠÙ…Øª Ù‡Ø§ Ø±Ø§ Ø¨Ø§Ù„Ø§ Ù†Ø¨Ø±Ø¯ÙŠÙ…;safirstores
@smt_v10 Ù…Ù†Ø¸ÙˆØ±ØªÙˆÙ† Ø§Ø² Ø¬Ø§Ù‡Ø§ÙŠ Ø¯ÙŠÚ¯Ù‡ ÙƒØ¬Ø§Ø³Øª ÙƒÙ‡ Ù…ÙŠ ÙØ±Ù…Ø§ÙŠÙŠØ¯ ÙƒØ§Ù‡Ø´ Ø¯Ø§Ø´ØªÙ†Ø¯;safirstores
Ù…Ø«Ù„Ø§ ÙØ±ÙˆØ´Ú¯Ø§Ù‡ Ø´Ù‚Ø§ÛŒÙ‚ ØªÙˆ ÙˆØ²Ø±Ø§ ØŒ Ù…ÛŒØªÙˆÙ†ÛŒÙ† Ø§Ø³ØªØ¹Ù„Ø§Ù… Ú©Ù†ÛŒÙ†;smt_v10
@sahand625 Ø¹ÙˆØ¶Ø´ Ø¨Ø§ Ø®ÛŒØ§Ù„ Ø±Ø§Ø­Øª Ø¬Ù†Ø³ Ø§ØµÙ„ Ø±Ùˆ Ø®Ø±ÛŒØ¯ Ù…ÛŒÚ©Ù†ÛŒÙ† Ø§Ù„Ø¨ØªÙ‡ ÛŒÙ‡ Ù…Ù‚Ø¯Ø§Ø±ÛŒØ´Ù… Ø¨Ø®Ø§Ø·Ø± Ø®ÙˆØ¯ Ø¨Ø±Ù†Ø¯ Ø³ÙÛŒØ± Ù‡Ø³ØªØ´ Ø§ÛŒÙ† Ø¨Ø§Ù„Ø§ Ø¨ÙˆØ¯Ù† Ù‚ÛŒÙ…Øª;smt_v10
@smt_v10 Ø§Ø² Ø®ÙŠÙ„ÙŠ Ø¬Ø§Ù‡Ø§ÙŠ Ø¯ÙŠÚ¯Ù‡ Ù…ÙŠØ´Ù‡ Ø¨Ø§ Ø®ÙŠØ§Ù„ Ø±Ø§Ø­Øª Ø®Ø±ÙŠØ¯ ÙƒØ±Ø¯ØŒ Ø¨Ø±Ù†Ø¯ Ø³ÙÙŠØ± ØŸØŸØŸÙ…Ù†Ø¸ÙˆØ±ØªÙˆÙ† Ø±Ùˆ Ù†Ù…ÙŠÙÙ‡Ù…Ù…ØŒ Ø³ÙÙŠØ± Ø§Ø³Ù… Ù…Ø¬Ù…ÙˆØ¹Ù‡ Ù‡Ø³ØªØ´ !Ø¹Ø±Ø¶Ù‡ ÙƒÙ†Ù†Ø¯Ù‡ !Ù…Ø´ÙƒÙ„ Ø§ÙŠÙ† Ù‡Ø³Øª ÙƒÙ‡ Ø±Ù‚Ø§Ø¨Øª Ø³Ø§Ù„Ù…ÙŠ ÙˆØ¬ÙˆØ¯ Ù†Ø¯Ø§Ø±Ù‡ Ø¯Ø± Ø§ÙŠÙ† ÙƒØ´ÙˆØ±;sahand625
@safirstores Ø³Ù¾Ø§Ø³Ú¯Ø²Ø§Ø±Ù… !ğŸ™ğŸ˜Š;sahand625
@sahand625 Ø¨Ù„Ù‡ Ø¯ÙˆØ³Øª Ø¹Ø²ÛŒØ² Ø³ÙÛŒØ± ÛŒÚ© Ø¨Ø±Ù†Ø¯ Ù‡Ø³ØªØ´ ÛŒÚ© Ø¨Ø±Ù†Ø¯ ÙØ±ÙˆØ´Ú¯Ø§Ù‡ÛŒ Ø¨Ù‡ Ø²Ø¨Ø§Ù† Ø³Ø§Ø¯Ù‡;smt_v10
Ù…Ù† Ø±Ø´Øª Ù‡Ø³ØªÙ… Ùˆ Ø§Ø³ØªÙ†Ø¯ Ø§ÛŒÙˆØ³Ù† Ù„ÙˆØ±Ù† ØªÙˆ ÙØ±ÙˆØ´Ú¯Ø§Ù‡ Ø±Ø´Øª Ù†ÛŒØ³Øª Ù…ÛŒØ´Ù‡ Ù…Ù† ÛŒÙ‡ Ø´Ù…Ø§Ø±Ù‡ Ø§Ø² Ø±Ú˜Ø§Ø¨ØªÙˆÙ† Ø±Ùˆ Ø³ÙØ§Ø±Ø´ Ø¨Ø¯Ù… Ùˆ Ø¨Ø¹Ø¯ ØªÙˆ ÙØ±ÙˆØ´Ú¯Ø§Ù‡ Ø±Ø´Øª ØªØ­ÙˆÛŒÙ„ Ø¨Ú¯ÛŒØ±Ù… ØŸ Ø¢Ø®Ù‡ Ø´Ù…Ø§ Ø®Ø±ÛŒØ¯ Ø§ÛŒÙ†ØªØ±Ù†ØªÛŒ Ù†Ø¯Ø§Ø±ÛŒØ¯ !!!;maanaa2014
@maanaa2014 Ø¨Ù„Ù‡ Ø¹Ø²ÙŠØ²Ù… Ø§Ù…ÙƒØ§Ù† Ø§Ø±Ø³Ø§Ù„ Ø¨Ù‡ Ù…Ù†Ø²Ù„ØªÙˆÙ† Ù‡Ø³Øª. Ø´Ù…Ø§ Ø´Ù…Ø§Ø±Ù‡ Ùˆ Ù…Ø¯Ù„ Ø±Ú˜Ù„Ø¨ Ø±Ùˆ Ø¨Ø§ Ø§Ø·Ù„Ø§Ø¹Ø§ØªØªÙˆÙ† Ø¨Ø±Ø§ÙŠ Ù…Ø§ Ø¯Ø§ÙŠØ±ÙƒØª ÙƒÙ†ÙŠØ¯ Ùˆ ÙŠØ§ Ø§Ø² Ø·Ø±ÙŠÙ‚ Ø§ÙŠÙ…ÙŠÙ„ Ø§Ø±Ø³Ø§Ù„ ÙƒÙ†ÙŠØ¯ Ù…Ø§ Ø¨Ø±Ø§ÙŠ Ø´Ù…Ø§ Ø§Ø±Ø³Ø§Ù„ Ù…ÙŠ ÙƒÙ†ÙŠÙ…;safirstores
@maanaa2014 info@safirperfumery.com;safirstores
Ù…ÛŒØ´Ù‡ Ù„Ø·ÙØ§ Ø¢Ø¯Ø±Ø³ Ø§ÛŒÙ…ÛŒÙ„ØªÙˆÙ† Ù„Ø·Ù Ú©Ù†ÛŒØ¯;maanaa2014
Ù…Ù† Ø´Ù…Ø§Ø±Ù‡ 04 Ù¾ÛŒÙˆØ± Ú©ÙˆØªÙˆØ± Ø§ÛŒÙˆØ³Ù† Ù„ÙˆØ±Ù† Ø±Ùˆ Ù…ÛŒØ®ÙˆØ§Ù… Ø´Ù†ÛŒØ¯Ù… Ø´Ø¹Ø¨Ù‡ Ù¾Ø§Ø³Ø§Ú˜ Ú¯Ù„Ø³ØªØ§Ù† Ø¯Ø§Ø±Ù‡ Ø§ÛŒÙ† Ø±Ù†Ú¯ Ø±Ùˆ;maanaa2014
@maanaa2014 Ø¹Ø²ÛŒØ²Ù… ÙØ±Ø¯Ø§ Ù…ÙˆØ¬ÙˆØ¯ÛŒ Ø±Ùˆ Ú†Ú© Ù…ÛŒ Ú©Ù†Ù… Ùˆ Ø¨Ù‡ØªÙˆÙ† Ø®Ø¨Ø± Ù…ÛŒØ¯Ù…;safirstores
Ø¨Ø§ Ø³Ù¾Ø§Ø³ Ø§Ø² Ù„Ø·ÙØªÙˆÙ† ğŸ˜ŠğŸ˜ŠğŸ˜ŠğŸ˜Š;maanaa2014
@maanaa2014 Ø¹Ø²ÙŠØ²Ù… Ø§ÙŠÙ† Ø´Ù…Ø§Ø±Ù‡ Ø±Ùˆ Ù…ÙˆØ¬ÙˆØ¯ÙŠ Ù†Ø¯Ø§Ø±ÙŠÙ… Ù…ØªØ§Ø³ÙØ§Ù†Ù‡;safirstores
Ù…ØªØ´Ú©Ø±Ù… Ø§Ø² Ø§ÛŒÙ†Ú©Ù‡ Ø¨Ø±Ø±Ø³ÛŒ Ú©Ø±Ø¯ÛŒØ¯;maanaa2014
@maralshafie25;nailazifarjad
Ø³Ù„Ø§Ù….Ù„Ø·ÙØ§ Ù…ÙŠØ´Ù‡ Ø§ÙŠÙ† Ù…ØªÙ†Ùˆ Ø¨Ù‡ ØªÙ„Ú¯Ø±Ø§Ù…Ù… Ø¨ÙØ±Ø³ØªÙŠÙ†;amir_hoseinam
@amir_hoseinam Ø§ÙŠÙ…ÙŠÙ„ØªÙˆÙ† Ø±Ùˆ Ø¨ÙØ±Ø³ØªÙŠÙ† Ø¨Ø±Ø§ØªÙˆÙ† Ø§ÙŠÙ…ÙŠÙ„ ÙƒÙ†ÙŠÙ…;safirstores
Ahdiplomat@gmail.com;amir_hoseinam
@shivagoli89;sadegh.askari
@v___a____ Ø¹Ø²ÙŠØ²Ù… Ø¨Ø±Ù†Ø¯ ÙƒÙ„ÙŠ Ø§Ø³ØªØ§Ø± Ø¯Ø± Ù…Ø´Ù‡Ø¯ Ù…ÙˆØ¬ÙˆØ¯Ù‡;safirstores
@missssh607;shadiabbasian
@sadegh.askari Ø®ÛŒÙ„ÛŒ Ù…Ù…Ù†ÙˆÙ† ÙˆØ§Ù‚Ø¹Ø§ ğŸ˜ğŸ˜ğŸ˜;shivadorri
Ø³Ù„Ø§Ù… ØŒ Ù…Ù† ÙŠÙƒ Ù…Ø§Ù‡ Ù¾ÙŠØ´ Ø§Ø² Ø³ÙÙŠØ± Ú¯Ù„Ø³ØªØ§Ù† ÙŠÙ‡ Ø¹Ø·Ø± Ø®Ø±ÙŠØ¯Ù… ÙƒÙ‡ Ù…Ø«Ù„Ø§ Ù¡Ù Ù  Ù…ÙŠÙ„ Ø¨ÙˆØ¯ Ùˆ ØªÙˆØ´ Ù¾ÙŠØ¯Ø§ Ù†Ø¨ÙˆØ¯ Ùˆ Ø¨Ù‡ Ø§Ø³Ù… Ø¹Ø·Ø± Ø¯Ø³Øª Ø³Ø§Ø² Ù¾Ø§Ø±ÙŠØ³ÙŠ !!!!! Alexanre.j ...Ø¯Ø± ÙƒÙ…Ø§Ù„ Ù†Ø§Ø¨Ø§ÙˆØ±ÙŠ Ø¨Ø¹Ø¯ ÙŠÙƒ Ù…Ø§Ù‡ ØªÙ…ÙˆÙ… Ø´Ø¯ !!!!! Ø¨Ø±Ø§ Ù…Ø¬Ù…ÙˆØ¹Ù‡ Ø³ÙÙŠØ± Ø®ÙŠÙ„ÙŠ ÙƒØ§Ø± Ú†ÙŠÙ¾ Ùˆ Ø²Ø´ØªÙŠÙ‡ Ø¨Ù‡ Ù†Ø¸Ø±Ù… ...;mandyghamari
@mandyghamari Ø¹Ø²ÙŠØ²Ù… Ø³Ù„Ø§Ù…ØŒ Ù…Ù† ØªØ§ Ø§ÙˆÙ†Ø¬Ø§ÙŠÙŠ ÙƒÙ‡ Ù…ØªÙˆØ¬Ù‡ Ø´Ø¯Ù… Ø´Ù…Ø§ ÙÙƒØ± Ù…ÙŠ ÙƒÙ†ÙŠØ¯ ÙƒÙ‡ Ø´ÙŠØ´Ù‡ Ø¹Ø·Ø± Ù¾Ø± Ù†Ø¨ÙˆØ¯Ù‡ØŸØŸØŸ Ù…Ø­ØµÙˆÙ„ÙŠ ÙƒÙ‡ Ø®Ø±ÙŠØ¯Ø§Ø±ÙŠ Ú¯Ø±Ø¯ÙŠØ¯ Ø³Ù„ÙÙˆÙ† Ø¯Ø§Ø´ØªÙ‡ Ø¯Ø±Ø³ØªÙ‡ØŸØŸØŸ;safirstores
Ù†Ù‡ Ø³Ù„ÙÙˆÙ† Ù†Ø¯Ø§Ø´ØªÙ‡ Ùˆ Ø¨Ù‡ Ø§ÙŠÙ† Ø¹Ù†ÙˆØ§Ù† Ø³Ù„ÙÙˆÙ† Ù†Ø¯Ø§Ø´ØªÙ‡ ÙƒÙ‡ Ú¯ÙØªÙ† Ø§ÙŠÙ†Ø§ ÙˆÙƒÙŠÙˆÙ… Ù†Ù…ÙŠØ´Ù† Ú†ÙˆÙ† Ø¯Ø³Øª Ø³Ø§Ø²Ù†;mandyghamari
Ø¨Ø¹Ù„Ø§ÙˆÙ‡ Ù…Ù† Ú†ÙˆÙ† ÙƒØ§Ø±Øª Ø¯Ø§Ø±Ù… ØªØ§Ø±ÙŠØ® Ø®Ø±ÙŠØ¯Ù… Ø­ØªÙ…Ø§ Ù…Ø¹Ù„ÙˆÙ…Ù‡ ...;mandyghamari
Ù…Ù† Ú†Ø·ÙˆØ± Ù…ÙŠØªÙˆÙ†Ù… Ù¾ÙŠÚ¯ÙŠØ±ÙŠ ÙƒÙ†Ù… ØŸ;mandyghamari
Ú†Ù†Ø¯ ØªØ§ Ø¯ÙŠÚ¯Ù‡ Ù‡Ù… Ø§ÙˆÙ†Ø¬Ø§ Ø¨ÙˆØ¯ ÙƒÙ‡ Ø³Ù„ÙÙˆÙ† Ù†Ø¯Ø§Ø´Øª !;mandyghamari
@mandyghamari Ø¹Ø²ÙŠØ²Ù… Ù„Ø·Ù Ù…ÙŠ ÙƒÙ†ÙŠØ¯ Ø¨Ø§ ÙØ§ÙƒØªÙˆØ± Ø¨Ù‡ ÙØ±ÙˆØ´Ú¯Ø§Ù‡ Ù…Ø±Ø§Ø¬Ø¹Ù‡ ÙƒÙ†ÙŠØ¯;safirstores
@mandyghamari Ø§Ø² ÙƒØ¯ÙˆÙ… Ø´Ø¹Ø¨Ù‡ Ø®Ø±ÙŠØ¯ ÙƒØ±Ø¯Ù‡ Ø¨ÙˆØ¯ÙŠØ¯ØŸ;safirstores
ÙØ§ÙƒØªÙˆØ± Ù†Ø¯Ø§Ø±Ù… ÙŠØ§ Ù†Ø¯Ø§Ø¯Ù† . Ø§Ù…Ø§ Ú¯ÙØªÙ… ÙƒÙ‡ Ø³ÙÙŠØ± Ú¯Ù„Ø³ØªØ§Ù† Ùˆ ÙƒØ§Ø±Øª Ù‡Ù… Ø¯Ø§Ø±Ù…;mandyghamari
Ù‚Ø³Ù…Øª ÙØ§ÙƒØªÙˆØ± ÙˆØ§Ù‚Ø¹Ø§ ÙŠØ§Ø¯Ù… Ù†Ù…ÙŠØ§Ø¯ ....;mandyghamari
ÙˆÙ„ÙŠ Ù…ÙŠØ±Ù… ÙØ±ÙˆØ´Ú¯Ø§Ù‡ ÙØ±Ø¯Ø§ ....;mandyghamari
@mandyghamari Ø¹Ø²ÛŒØ²Ù… Ø±ÙØªÛŒØ¯ ÙØ±ÙˆØ´Ú¯Ø§Ù‡ØŸ;safirstores
Ø¨Ù„Ù‡ Ø±ÙØªÙ… Ùˆ Ù‚Ø±Ø§Ø± Ø¨ÙˆØ¯ ØªÙ…Ø§Ø³ Ø¨Ú¯ÙŠØ±Ù† Ø§Ù…Ø±ÙˆØ² ÙƒÙ‡ Ù†Ú¯Ø±ÙØªÙ† .;mandyghamari
@mandyghamari Ù¾ÙŠÚ¯ÙŠØ±ÙŠ Ù…ÙŠ ÙƒÙ†Ù… Ø¨Ø±Ø§ØªÙˆÙ†;safirstores
@mandyghamari Ø¨Ø§ Ù…Ø¯ÙŠØ± ÙØ±ÙˆØ´Ú¯Ø§Ù‡ ØµØ­Ø¨Øª ÙƒØ±Ø¯ÙŠÙ…ØŒØ§ÙŠØ´ÙˆÙ† ÙØ±Ø¯Ø§ Ø¨Ø§ Ø´Ù…Ø§ ØªÙ…Ø§Ø³ Ù…ÙŠ Ú¯ÙŠØ±Ù†;safirstores
Ù…ØªØ´ÙƒØ±Ù… Ø§Ø² Ù¾Ø§Ø³Ø®Ú¯ÙˆÙŠÙŠØªÙˆÙ† Ø› Ùˆ Ø§Ø¹ØªÙ…Ø§Ø¯ Ø³Ø§Ø²ÙŠØªÙˆÙ† !;mandyghamari
@mandyghamari Ø®ÙˆØ§Ù‡Ø´ Ù…ÙŠ ÙƒÙ†ÙŠÙ… Ø¹Ø²ÙŠØ²Ù…ØŒ Ø§Ù…ÙŠØ¯ÙˆØ§Ø±Ù… ÙƒÙ‡ Ø±Ø§Ø¶ÙŠ Ø¨Ø§Ø´ÙŠØ¯;safirstores
